Workbook

Sheet Timetable
A1: Teacher | B1: Day | C1: Period | D1: Class | E1: Venue | F1: Co-teaching (Y or N) | G1: Subject | H1: Time | I1: Teachers in lesson | J1: Venues in lesson | K1: Teacher Name
A2: AF | B2: A1 | C2: 1 | D2: S2H | E2: 401,402,403,501 | F2: =IF(I2>J2,"Y","N") -> N | G2: MA | H2: 8:35 - 9:25 | I2: 4 | J2: =LEN(E2)-LEN(SUBSTITUTE(E2,",",""))+1 -> 4 | K2: =IFERROR(INDEX('Teacher Lookup'!$B$2:$B$200,MATCH(A2,'Teacher Lookup'!$A$2:$A$200,0)),"") -> FONG Alan
A3: AF | B3: A1 | C3: 1 | D3: S2K | E3: 401,402,403,501 | F3: =IF(I3>J3,"Y","N") -> N | G3: MA | H3: 8:35 - 9:25 | I3: 4 | J3: =LEN(E3)-LEN(SUBSTITUTE(E3,",",""))+1 -> 4 | K3: =IFERROR(INDEX('Teacher Lookup'!$B$2:$B$200,MATCH(A3,'Teacher Lookup'!$A$2:$A$200,0)),"") -> FONG Alan
A4: AF | B4: A1 | C4: 1 | D4: S2U | E4: 401,402,403,501 | F4: =IF(I4>J4,"Y","N") -> N | G4: MA | H4: 8:35 - 9:25 | I4: 4 | J4: =LEN(E4)-LEN(SUBSTITUTE(E4,",",""))+1 -> 4 | K4: =IFERROR(INDEX('Teacher Lookup'!$B$2:$B$200,MATCH(A4,'Teacher Lookup'!$A$2:$A$200,0)),"") -> FONG Alan
A5: AF | B5: A1 | C5: 2 | D5: S2A | E5: 404,405,406,402 | F5: =IF(I5>J5,"Y","N") -> N | G5: MA | H5: 9:25 - 10:15 | I5: 4 | J5: =LEN(E5)-LEN(SUBSTITUTE(E5,",",""))+1 -> 4 | K5: =IFERROR(INDEX('Teacher Lookup'!$B$2:$B$200,MATCH(A5,'Teacher Lookup'!$A$2:$A$200,0)),"") -> FONG Alan
A6: AF | B6: A1 | C6: 2 | D6: S2C | E6: 404,405,406,402 | F6: =IF(I6>J6,"Y","N") -> N | G6: MA | H6: 9:25 - 10:15 | I6: 4 | J6: =LEN(E6)-LEN(SUBSTITUTE(E6,",",""))+1 -> 4 | K6: =IFERROR(INDEX('Teacher Lookup'!$B$2:$B$200,MATCH(A6,'Teacher Lookup'!$A$2:$A$200,0)),"") -> FONG Alan
A7: AF | B7: A1 | C7: 2 | D7: S2G | E7: 404,405,406,402 | F7: =IF(I7>J7,"Y","N") -> N | G7: MA | H7: 9:25 - 10:15 | I7: 4 | J7: =LEN(E7)-LEN(SUBSTITUTE(E7,",",""))+1 -> 4 | K7: =IFERROR(INDEX('Teacher Lookup'!$B$2:$B$200,MATCH(A7,'Teacher Lookup'!$A$2:$A$200,0)),"") -> FONG Alan
A8: AF | B8: A1 | C8: 3 | D8: S5A | E8: 301,302,303,304,305,405 | F8: =IF(I8>J8,"Y","N") -> N | G8: MA | H8: 10:35 - 11:20 | I8: 6 | J8: =LEN(E8)-LEN(SUBSTITUTE(E8,",",""))+1 -> 6 | K8: =IFERROR(INDEX('Teacher Lookup'!$B$2:$B$200,MATCH(A8,'Teacher Lookup'!$A$2:$A$200,0)),"") -> FONG Alan
A9: AF | B9: A1 | C9: 3 | D9: S5G | E9: 301,302,303,304,305,405 | F9: =IF(I9>J9,"Y","N") -> N | G9: MA | H9: 10:35 - 11:20 | I9: 6 | J9: =LEN(E9)-LEN(SUBSTITUTE(E9,",",""))+1 -> 6 | K9: =IFERROR(INDEX('Teacher Lookup'!$B$2:$B$200,MATCH(A9,'Teacher Lookup'!$A$2:$A$200,0)),"") -> FONG Alan
A10: AF | B10: A1 | C10: 3 | D10: S5H | E10: 301,302,303,304,305,405 | F10: =IF(I10>J10,"Y","N") -> N | G10: MA | H10: 10:35 - 11:20 | I10: 6 | J10: =LEN(E10)-LEN(SUBSTITUTE(E10,",",""))+1 -> 6 | K10: =IFERROR(INDEX('Teacher Lookup'!$B$2:$B$200,MATCH(A10,'Teacher Lookup'!$A$2:$A$200,0)),"") -> FONG Alan
A11: AF | B11: A1 | C11: 3 | D11: S5K | E11: 301,302,303,304,305,405 | F11: =IF(I11>J11,"Y","N") -> N | G11: MA | H11: 10:35 - 11:20 | I11: 6 | J11: =LEN(E11)-LEN(SUBSTITUTE(E11,",",""))+1 -> 6 | K11: =IFERROR(INDEX('Teacher Lookup'!$B$2:$B$200,MATCH(A11,'Teacher Lookup'!$A$2:$A$200,0)),"") -> FONG Alan
A12: AF | B12: A1 | C12: 3 | D12: S5U | E12: 301,302,303,304,305,405 | F12: =IF(I12>J12,"Y","N") -> N | G12: MA | H12: 10:35 - 11:20 | I12: 6 | J12: =LEN(E12)-LEN(SUBSTITUTE(E12,",",""))+1 -> 6 | K12: =IFERROR(INDEX('Teacher Lookup'!$B$2:$B$200,MATCH(A12,'Teacher Lookup'!$A$2:$A$200,0)),"") -> FONG Alan
A13: AF | B13: A2 | C13: 3 | D13: S2H | E13: 401,402,403,306 | F13: =IF(I13>J13,"Y","N") -> N | G13: MA | H13: 10:35 - 11:20 | I13: 4 | J13: =LEN(E13)-LEN(SUBSTITUTE(E13,",",""))+1 -> 4 | K13: =IFERROR(INDEX('Teacher Lookup'!$B$2:$B$200,MATCH(A13,'Teacher Lookup'!$A$2:$A$200,0)),"") -> FONG Alan
... A10681: ZW | B10681: B5 | C10681: 7 | D10681: S5G | E10681: 304,305,211A | F10681: =IF(I10681>J10681,"Y","N") -> N | G10681: EN | H10681: 14:50 - 15:40 | I10681: 3 | J10681: =LEN(E10681)-LEN(SUBSTITUTE(E10681,",",""))+1 -> 3 | K10681: =IFERROR(INDEX('Teacher Lookup'!$B$2:$B$200,MATCH(A10681,'Teacher Lookup'!$A$2:$A$200,0)),"") -> WAHAB Zakiyyah

Sheet Class Lessons
A1: Class | B1: Day | C1: Period (start) | D1: Periods (count) | E1: Time | F1: Subject | G1: Teachers | H1: Venue
A2: S1H | B2: A1 | C2: 1 | D2: 1 | E2: 8:35 - 9:25 | F2: ICT | G2: LG / MH | H2: 207A
A3: S1H | B3: A1 | C3: 2 | D3: 1 | E3: 9:25 - 10:15 | F3: CHI | G3: CSC / JW / JSL / AI | H3: 201,202,203,205
A4: S1H | B4: A1 | C4: 3 | D4: 1 | E4: 10:35 - 11:20 | F4: EN | G4: KH / AL / DKW / JL | H4: 201,202,203,204
A5: S1H | B5: A1 | C5: 4 | D5: 2 | E5: 11:20 - 13:00 | F5: EDM | G5: JCC | H5: Drama Room
A6: S1H | B6: A1 | C6: 6 | D6: 1 | E6: 14:00 - 14:50 | F6: MA | G6: TYL / AT / MY / ATH | H6: 201,202,203,204
A7: S1H | B7: A1 | C7: 7 | D7: 1 | E7: 14:50 - 15:40 | F7: HI | G7: MW | H7: 201
A8: S1H | B8: A2 | C8: 1 | D8: 1 | E8: 8:35 - 9:25 | F8: CES | G8: BFC | H8: 201
A9: S1H | B9: A2 | C9: 2 | D9: 1 | E9: 9:25 - 10:15 | F9: SC | G9: SLC | H9: 213
A10: S1H | B10: A2 | C10: 3 | D10: 1 | E10: 10:35 - 11:20 | F10: CHI | G10: CSC / JW / JSL / AI | H10: 201,202,203,204
A11: S1H | B11: A2 | C11: 4 | D11: 1 | E11: 11:20 - 12:10 | F11: EN | G11: KH / AL / DKW / JL | H11: 201,202,203,204
A12: S1H | B12: A2 | C12: 5 | D12: 1 | E12: 12:10 - 13:00 | F12: HD | G12: CSC / AT / MH / JWN / AL / JW / SC / JHL / DKW / DK / JL / ATH / KH / PW / STC / JSL / TYL / JF / TW / SI / TM | H12: 201,202,203,204,205,206,HALL
A13: S1H | B13: A2 | C13: 6 | D13: 1 | E13: 14:00 - 14:50 | F13: HI | G13: MW | H13: 201
... A2230: S6C | B2230: B4 | C2230: 7 | D2230: 1 | E2230: 14:50 - 15:40 | F2230: CSD | G2230: CS / BFC | H2230: 405

Sheet Teacher Lookup
A1: Code | B1: Name | C1: Department / Subject | D1: Source
A2: AF | B2: FONG Alan | C2: Mathematics | D2: hkugac2627_timetable_T1_v8.roz
A3: AFL | B3: LI Angela | C3: Chinese | D3: hkugac2627_timetable_T1_v8.roz
A4: AH | B4: HO Anda | C4: Geography | D4: hkugac2627_timetable_T1_v8.roz
A5: AHY | B5: YU Anthony | C5: Physics and Science | D5: hkugac2627_timetable_T1_v8.roz
A6: AI | B6: IP Anna | C6: Chinese | D6: hkugac2627_timetable_T1_v8.roz
A7: AK | B7: KHURRAM Aamenah | C7: English | D7: hkugac2627_timetable_T1_v8.roz
A8: AL | B8: LAM Anakin | C8: English | D8: hkugac2627_timetable_T1_v8.roz
A9: ALC | B9: CHAN Alan | C9: Economics | D9: hkugac2627_timetable_T1_v8.roz
A10: AT | B10: TSANG Annisa | C10: Mathematics | D10: hkugac2627_timetable_T1_v8.roz
A11: ATH | B11: HUNG Arley | C11: Mathematics | D11: hkugac2627_timetable_T1_v8.roz
A12: AY | B12: YEUNG Arthur | C12: Mathematics | D12: hkugac2627_timetable_T1_v8.roz
... A108: ZW | B108: WAHAB Zakiyyah | C108: English | D108: hkugac2627_timetable_T1_v8.roz

Sheet Notes
A1: HKUGA College 2026-27 Term 1 timetable - database export
A2: Source: 2627_T1_Class_v9.pdf (36 class timetables, aSc Timetables, generated 9/24/2026). Teacher names from hkugac2627_timetable_T1_v8.roz.
A4: How the data is laid out
A5: Timetable sheet: one row per Teacher x Day x Period x Class. A double period is listed as two rows (one per period).
A6: Columns A-F are the requested fields. Columns G-K are reference/helper columns (Subject, Time, counts, Teacher Name).
A7: Teacher = teacher code exactly as printed in the PDF. Teacher Name is looked up from the Teacher Lookup sheet.
A8: Day = A1-A5, B1-B5 (the 10-day cycle). Period = 1-7 (times in column H).
A9: Venue = the venue list printed on the lesson card, as is (e.g. "201,202,203,204").
A10: Class Lessons sheet: one row per lesson card per class, as printed in the PDF (useful for checking against the PDF).
A12: Co-teaching rule (assumption - please confirm)
A13: Co-teaching = Y when a lesson has more teachers than venues (so at least two teachers share a room), otherwise N.
A14: Formula in column F: =IF(Teachers in lesson > Venues in lesson, "Y", "N"). Change the formula if your definition differs (e.g. Y whenever Teachers in lesson > 1).
... A22: 5. Rows were extracted from the PDF layout by position and font size; every class-day was checked to add up to 7 periods with no overlaps (S6C excepted).
